country,year,S,E,H,R_proxy
KOR,2000,2.4616140970727387,2.7214938188576188,6.479721798818957,0.09004052248440564
KOR,2001,2.499141278690289,2.8511749885122737,6.7076238450784835,0.10191151515346629
KOR,2002,2.3707374927888045,2.8729844380201945,6.878816344416645,0.08888096306244175
KOR,2003,2.4851645726811045,3.012898177706749,6.914458502260369,0.09364868387537684
KOR,2004,2.4535784116064114,3.060656341200611,6.99089279927082,0.10429571637005278
KOR,2005,2.4715671364085505,3.154053718573666,7.125583092744125,0.10087095863968622
KOR,2006,2.436669133964753,3.2738246481399726,7.132348521620107,0.1019738943057654
KOR,2007,2.4284346906944076,3.3430593054582993,7.0527544498362404,0.10635714164592704
KOR,2008,2.5063380201972505,3.4312660976469735,7.163879213040805,0.10557570134777179
KOR,2009,2.5702343372933076,3.523297282156671,7.25652424966625,0.13876123527429773
KOR,2010,2.4423188943132104,3.6359112368082425,7.194692763152976,0.12237319188247325
KOR,2011,2.449555531791458,3.7011221789659303,7.225534354996263,0.09470370589700103
KOR,2012,2.426061451650299,3.7430781109195372,7.199161163333727,0.10375237295064912
KOR,2013,2.420220980465925,3.809709606046175,7.359688672096962,0.0759857430705928
KOR,2014,2.406954450447429,3.8865488117572817,7.390530263940241,0.08284000928686655
KOR,2015,2.6554166278988713,3.9694872063765394,7.3889784182846325,0.0811755828056705
KOR,2016,2.854195805857521,3.9959197606899566,7.428914182184513,0.07454765044760278
KOR,2017,2.8186554380173674,4.080189681668386,7.585543767788049,0.05709787058367169
KOR,2018,2.728250177982323,4.245310587739232,7.708667618061317,0.059290351467100655
KOR,2019,2.6848296047193934,4.479400464895839,7.921173434409563,0.05535764258213406
KOR,2020,2.7061897474530734,4.577506626159068,8.072229776041814,0.058582092237452255
KOR,2021,2.5944724234189653,4.742250387999799,8.124995788141979,0.03921315308502538
KOR,2022,2.541062449688577,5.272605222271639,8.43334485058647,0.043006614056438325
JPN,2000,2.9194752308541183,3.523276431459074,6.823951729301183,0.04897958797045625
JPN,2001,2.9927686689728823,3.540688500425842,6.86563806657363,0.05120627623321167
JPN,2002,3.038882354627961,3.563992876301683,6.909157977066865,0.046671916425746376
JPN,2003,2.9973014688497734,3.6353110856138477,6.972084285544491,0.050924884005941966
JPN,2004,2.925765764994807,3.659681561365535,6.9839060311817285,0.05107605713235076
JPN,2005,2.900495797158724,3.6635170266222694,6.957918805509048,0.04402419378553471
JPN,2006,2.8812433158409876,3.673030911043764,6.9204358540621245,0.04097986615285694
JPN,2007,2.846824522510641,3.714248159937529,6.921461535605516,0.03531982922630076
JPN,2008,2.9061674325809035,3.7528709060142185,6.896819914389028,0.045241842548696155
JPN,2009,2.946061080970873,3.908100866697737,7.005153014612126,0.02679768530031306
JPN,2010,2.6309887183131266,4.060604021985528,7.046160221388583,0.021697822536244363
JPN,2011,2.7846934455380588,4.351361551557292,7.02130240192314,0.018873098622893342
JPN,2012,2.6915229830117418,4.331423391596836,6.975369016498216,0.017324061571766858
JPN,2013,2.5483910258132116,4.361250394861853,6.9761145115422565,0.010039332998041207
JPN,2014,2.5102608355023763,4.381938041299331,7.016919986237579,0.013254156183312249
JPN,2015,2.407633813186795,4.3683537618368975,6.96423462084049,0.009324408832162092
JPN,2016,2.501973953384001,4.291541555554807,6.923244247019899,0.009240416753348215
JPN,2017,2.451036149154386,4.313289250069826,6.938997381641293,0.0022425031878465407
JPN,2018,2.5363869038705706,4.320142265492429,6.938345797298389,0.005808472300492518
JPN,2019,2.551697001032568,4.395334756328988,7.048565630566194,0.003990406225802854
JPN,2020,2.5983066471953378,4.490885290386529,7.166575380195714,0.0039896758375340315
JPN,2022,2.4832715836240675,4.753723964271849,7.1893507730351915,0.000707934028983451
DEU,2000,2.691924549925915,4.919731597776885,6.90056468599123,0.22988378038720722
DEU,2001,2.8151914941885217,4.95178122161908,6.974732694094606,0.1938031038417683
DEU,2002,2.926031409751064,4.9937815616257915,6.973987511054972,0.19167657990649628
DEU,2003,3.0717422022824556,5.02133474076629,6.990435499068112,0.17698273581032764
DEU,2004,3.1638275484811653,4.994233357805778,7.002802760446386,0.17994724524371042
DEU,2005,3.3648869525089267,5.038785218674581,7.050391068277264,0.16684440794441022
DEU,2006,3.1521397467871086,5.087171958883531,7.0822765711346465,0.1567648545839878
DEU,2007,3.018960402985351,5.122711707905688,7.085522593422422,0.13809635670374437
DEU,2008,2.86090407111484,5.184568285427694,7.097409961890313,0.1272871055231568
DEU,2009,2.995596180062501,5.373972224790521,7.241712890172262,0.12212162579529222
DEU,2010,2.7140019017796004,5.5447775730594175,7.340928349871476,0.12035205832614412
DEU,2011,2.590391299194412,5.553530818402123,7.342293470465335,0.10944677996024701
DEU,2012,2.669863863650682,5.550512062000358,7.309619529766853,0.09376373057245088
DEU,2013,2.7149525873325366,5.5864533199348685,7.297473512003219,0.09809127694375028
DEU,2014,2.590761461163142,5.624327514686968,7.306312842250726,0.10420581098837203
DEU,2015,2.6259135756212326,5.645090567541815,7.1992408486982455,0.09639650008913753
DEU,2016,2.5495592961261773,5.687054199993927,7.1365713698581645,0.14947808462585987
DEU,2017,2.4961157933203904,5.7647937751168525,7.173775914162861,0.11991040810525376
DEU,2018,2.538865633593545,5.856735700750633,7.208742581583124,0.11463051552579254
DEU,2019,2.545188954509333,5.985591628006496,7.344903335089772,0.08277962606837476
DEU,2020,2.741130435397925,6.305121357951404,7.539528971453223,0.11301652869472359
DEU,2021,2.673137907905104,6.380114237492248,7.397071515768833,0.09630937225361694
DEU,2022,2.6687810969061454,6.312531185413964,7.448312557330091,0.09398843405205731
FRA,2000,3.310854381270552,5.171489389097844,6.936645841379288,0.24573290433477274
FRA,2001,3.164915774962328,5.219623478292717,6.937656314548171,0.24268434066893416
FRA,2002,3.1216666144933525,5.290608550183402,6.96906192449516,0.2597759435612227
FRA,2003,3.0407465101858753,5.305615750591948,6.94301280448115,0.22308527927359295
FRA,2004,2.996819101869388,5.358510306089031,7.026692423277967,0.22202788122629133
FRA,2005,2.9332370969038397,5.383964878939025,7.0064289987592225,0.21651846715103476
FRA,2006,2.90249923314456,5.452663592018581,7.01620589958191,0.18984565336585457
FRA,2007,3.0760164830507875,5.475387135086213,7.069100009997672,0.21759504327325346
FRA,2008,3.1028482907249875,5.507847166967568,7.04984705864781,0.22330554014335308
FRA,2009,3.3200394871361394,5.600351325154411,7.081732561505194,0.1708909550886436
FRA,2010,3.348827942064587,5.614513640053869,7.078397017909964,0.16408906085892522
FRA,2011,3.296489290388463,5.6410559495553665,7.147739116338864,0.17811566525325068
FRA,2012,3.384165867957857,5.667672934138635,7.131821708584213,0.15909577969091568
FRA,2013,3.32384969667708,5.680919378740616,7.179410016415102,0.1563625227811603
FRA,2014,3.3393816003322208,5.730871995508832,7.223662780650759,0.15915503640680695
FRA,2015,3.3837600869270092,5.728568335489956,7.220947338621463,0.21255471429804795
FRA,2016,3.2755105111618974,5.753992073228077,7.288799070971083,0.15478461743326632
FRA,2017,3.1540844662282614,5.764349037987834,7.3194594978784515,0.13734205131356322
FRA,2018,3.197809375285381,5.744271480017235,7.333504381140642,0.13331094326819173
FRA,2019,3.0079069070652475,5.724726918565513,7.334484559543551,0.14660621376908523
FRA,2020,3.0820944442889173,5.886527600516611,7.430954416853229,0.13135052503611194
FRA,2021,2.891935058144545,5.927296662713562,7.332373141822333,0.14103932065008934
FRA,2022,2.8767463758162437,5.846726761956376,7.321437868537234,0.16146532452252926
GBR,2000,3.398201733852792,3.943269818849376,6.419587552410577,0.20994422266571455
GBR,2001,3.1670478205815074,4.0688953548813425,6.49257937131756,0.2232496555274902
GBR,2002,3.0230437814137057,4.397513523028947,6.7309636377632,0.2604695722332852
GBR,2003,2.95248488392629,4.5644218561972325,6.775066652855543,0.23487387680343072
GBR,2004,2.937024234115916,4.620208761737003,6.728533424275131,0.20927818137357615
GBR,2005,3.0307512748925225,4.753040435240092,6.835516959357783,0.18368248594372164
GBR,2006,3.1455835763977595,4.8309990134283884,6.816741680926923,0.18910034601954684
GBR,2007,2.9796785561012706,4.8915422155672434,6.7754045900723066,0.19043711928823792
GBR,2008,3.167685602076787,4.924145677893245,6.734810369438023,0.15931674195021356
GBR,2009,3.430310229524037,5.053578414346002,6.870461131332777,0.14326876470234196
GBR,2010,3.2061328162573703,5.344752419494121,7.154109579837782,0.15526556479780446
GBR,2011,3.2067184205062245,5.292843488646575,7.169076250508664,0.12460686182311531
GBR,2012,3.1930771415020667,5.316346246418363,7.143732272061797,0.12022961490161174
GBR,2013,3.092282281244574,5.3443380339656334,7.235622823963286,0.11299276802155929
GBR,2014,2.9585056583411022,5.417877942255454,7.32150200743506,0.10746926214145539
GBR,2015,2.9025659214086916,5.416380620040402,7.273392807304013,0.11512044350973782
GBR,2016,2.8127152092348044,5.373876864607425,7.2503882485550335,0.15099441881016393
GBR,2017,2.7005024719846755,5.398288518583732,7.322587725566209,0.15137690666985854
GBR,2018,2.7931701378052685,5.329379338191287,7.275753468393748,0.1378292216777999
GBR,2019,2.657905297359199,5.405483774857662,7.361307454973631,0.14736070761217263
GBR,2020,2.931689463088678,5.704704627927245,7.387553955491473,0.11472278533461457
GBR,2021,2.6199466324145804,6.049087594778733,7.6124436774412345,0.1423108057353944
GBR,2022,2.5700653900014556,5.9326143642439,7.675327902921002,0.1423108057353944
SWE,2000,2.227234574675951,5.354717905749467,7.907485993606772,0.13646458884809243
SWE,2001,2.157772869296801,5.434603105297694,7.83996294193036,0.11985824670076098
SWE,2002,2.1392463835664093,5.657651165116971,7.8928301114969175,0.14437908327058258
SWE,2003,2.124481395085504,5.662670190489584,7.809660801699118,0.11520903473269742
SWE,2004,2.2868183414301404,5.646416808406857,7.7592266982615925,0.15364300819618115
SWE,2005,2.5020028345940046,5.628710578443993,7.675818261812153,0.11047896843462272
SWE,2006,2.351237645471339,5.626578432466739,7.555037210601683,0.12371450019750235
SWE,2007,2.3487277103608557,5.5872277703433975,7.460409609993246,0.1574143142856695
SWE,2008,2.5276405527121764,5.683058436169579,7.536724746104103,0.10572401125516646
SWE,2009,2.7421149665687157,5.859470955623654,7.707826117198575,0.1233956459282772
SWE,2010,2.6333627069828665,5.771100985425069,7.582304202536192,0.11864033596696659
SWE,2011,2.5789266722444477,6.189540033042149,7.633633494228238,0.10059100762295341
SWE,2012,2.660543416063462,6.73760981285793,8.119420083191898,0.0777926877286024
SWE,2013,2.759971547852741,6.805561053126365,8.198241528207271,0.1084062939643006
SWE,2014,2.6926117781236814,6.842726808800351,8.233218670704687,0.10697756997098726
SWE,2015,2.677425291143693,6.827759323168519,8.199840247055345,0.1461774168572989
SWE,2016,2.710934576558378,6.915394382839015,8.274077559187948,0.13425499163580015
SWE,2017,2.6093849772998694,6.924657518237249,8.355525905948168,0.14307909907464267
SWE,2018,2.6858022867980553,6.992980462076173,8.417892490313946,0.13316804268606663
SWE,2019,2.6518490768626792,6.982499189190615,8.51324583665488,0.1361159366745779
SWE,2020,2.847794868828783,7.144792469492233,8.597675827514314,0.15490888102746256
SWE,2021,2.862994091532765,7.058099635507079,8.521555937040446,0.13691328440887798
SWE,2022,2.957074226831211,6.873796769787005,8.54087500790393,0.1403022605428203
NOR,2000,2.0778341505189766,6.419836371901355,7.362573835380264,0.13435722488370608
NOR,2001,2.134530537868904,6.683357547501243,7.606412857964738,0.0946115346899234
NOR,2002,2.184942048782175,7.164036220975119,7.920019579843412,0.12555344838120627
NOR,2003,2.221732660114447,7.2068668217902045,7.903103064409123,0.10723295106809834
NOR,2004,2.5598609489550257,7.177283031528393,7.868943566987706,0.0889124537549904
NOR,2005,2.501573577149542,6.9506278725129205,7.691210990128631,0.07770952754589341
NOR,2006,1.9919878485209133,6.710231037077572,7.454030664992927,0.07679629111797387
NOR,2007,1.9569109232079973,6.861590081859746,7.523997808463318,0.06546734444275201
NOR,2008,1.9967112101215336,6.704388298217251,7.3729904783930955,0.07759290727051568
NOR,2009,2.0252897083215666,7.180456324807956,7.731025826925188,0.05964494415540059
NOR,2010,1.9755569740714112,6.974726435406677,7.6272050834234735,0.05845837561267268
NOR,2011,1.8957216199562161,6.8156579486740085,7.602333351655633,0.3213961139601891
NOR,2012,1.8992583555977238,7.252310048422171,8.045546337803012,0.04966128264576691
NOR,2013,2.027661050925291,7.324791620369197,8.197405870169462,0.10829430853023973
NOR,2014,2.0536459999980954,7.524228658621091,8.354627354988168,0.05388545342297815
NOR,2015,2.211487240929501,7.656614112519786,8.354979772356321,0.03760429535294541
NOR,2016,2.360859714132043,7.957701758528242,8.576211549015527,0.04609497220047229
NOR,2017,2.134426665874954,7.890820067922579,8.629374186878794,0.04848223380655438
NOR,2018,2.178987154654492,7.733817822578968,8.59777717777854,0.03891366278973148
NOR,2019,2.170924696028735,7.960673983714426,8.766545023363507,0.047359313134217006
NOR,2020,2.360933470917444,8.316589608313201,9.064947105073434,0.05576782979127378
NOR,2021,2.3292860206059993,7.491394239972266,8.376382551950234,0.04937722607665591
NOR,2022,2.010189290376424,6.525940170114006,7.784528920999471,0.051537454196009164
DNK,2000,1.827149358965046,6.462648930490784,7.928756922827876,0.1371296507878522
DNK,2001,1.900638207581264,6.594753581669849,8.033341092319002,0.1186450080728147
DNK,2002,1.978998804773978,6.645902341902679,8.062608893833529,0.1062798050629857
DNK,2003,2.160050024062566,6.646999566937198,8.007448376598367,0.10357102684504632
DNK,2004,2.029229187128177,6.7553837790858395,8.05886978029622,0.10086224862710691
DNK,2005,2.024989014610864,6.765570604015591,8.023492374929313,0.09815347040916747
DNK,2006,1.965744433889216,6.71206166687132,7.849023622913826,0.09544469219122806
DNK,2007,2.0364158500346194,6.703157888366383,7.818251689604755,0.09273591397328868
DNK,2008,1.9537150747603036,6.6450476748566585,7.727755093304633,0.09002713575534926
DNK,2009,2.478051556242964,7.167451282181216,8.21588003887426,0.08731835753740982
DNK,2010,2.5559937160280066,7.246100101654996,8.299738537950875,0.08460957931947041
DNK,2011,2.5724520277851557,7.19508239823833,8.465769067326322,0.09556767570786104
DNK,2012,2.646808612171652,6.6794454637835825,7.979310784776672,0.09792464581372333
DNK,2013,2.645345552254791,7.184902097559981,8.597499060351456,0.10020685700790544
DNK,2014,2.588895869570792,6.845785057978278,8.260677796423758,0.17302388102673263
DNK,2015,2.4874660010721055,6.90712308029725,8.257376094781494,0.13786787512664297
DNK,2016,2.4400238663679548,6.958914704330951,8.209466817466895,0.11980305039085473
DNK,2017,2.469248870493775,6.83339471785582,8.12729293420159,0.16031669960475425
DNK,2018,2.3620951079461165,6.8541091130475635,8.11292953143928,0.12354409287336847
DNK,2019,2.301297728952283,6.874171217275463,8.17505766268379,0.10102046421329194
DNK,2020,2.4111591676652515,6.970819676654252,8.2594253704479,0.09515038510999878
DNK,2021,2.2814660030464142,6.928983932229927,8.012409563301857,0.06461694964145867
DNK,2022,2.422554871049488,6.421877538749944,7.912137152245045,0.12059253158117159
USA,2000,3.3645703382328946,5.859967038516295,6.273628075393003,0.8472931843865437
USA,2001,3.546823637669074,5.994819013951516,6.321217732252413,1.0320734238024256
USA,2002,3.628679814363405,6.176164631590782,6.342226339810792,0.8657958249684892
USA,2003,3.6696395238474278,6.318484449823969,6.3257476120094935,0.8714261140206601
USA,2004,3.5727216746198334,6.38952395419924,6.370773601015891,0.8770564030728312
USA,2005,3.6078826212487307,6.451002049007395,6.365201159273237,0.8826866921250021
USA,2006,3.6091750912352447,6.517494206080772,6.33528321734845,0.8883169811771731
USA,2007,3.5642941889190185,6.583288896908072,6.355755848534223,0.8692115224928433
USA,2008,3.7249626060910987,6.621824595454822,6.4099591600933294,0.8252435289033072
USA,2009,4.132501912494765,6.741593888527151,6.519082924520073,0.761486278003093
USA,2010,4.012874538633193,6.781624137170912,6.607466069574752,0.7189664485654252
USA,2011,4.053819539097955,6.787462853165867,6.6553237146204545,0.7085537789161835
USA,2012,3.944583097609081,6.8171064296272545,6.680385007082592,0.7112956353002855
USA,2013,3.8415468943554867,6.814838810222693,6.703687945279147,0.6775349258477761
USA,2014,3.7803010299098116,6.892886575367501,6.709498984448456,0.6632441533488485
USA,2015,3.6560285179608485,6.995702847813351,6.712301249728134,0.7408878124077832
USA,2016,3.6111003329950258,7.01485143036987,6.65525003773882,0.8078414447795865
USA,2017,3.551486061035611,7.181526342664223,6.845278578709935,0.7944398058923416
USA,2018,3.529042671444824,7.1299285974116815,6.806784160064225,0.7435589250804643
USA,2019,3.519294853713562,7.216147749172859,6.873859217603435,0.7511832813144279
USA,2020,3.898174847411831,7.733233963275352,6.932508060625747,0.9777425787079163
USA,2021,3.422118511243295,7.661560266852969,6.849751502785775,1.0455645019495332
USA,2022,3.5001499290100586,7.548851628582434,6.977526715527858,1.0029553878166544
CAN,2000,3.0035056100045416,4.973422736740725,7.315688933673816,0.24582689189746365
CAN,2001,3.1258641311868676,4.859038994604502,7.106500140293072,0.2470091266241765
CAN,2002,3.1550620571369636,4.957682013834198,7.158550927850377,0.25828431634254756
CAN,2003,3.182108221166545,4.972549233122289,7.11537257751262,0.23896240283248246
CAN,2004,3.1173977896090213,4.991372682900372,7.102538676604882,0.27416427897454804
CAN,2005,3.0493077182120722,4.99577348944072,7.062541437140314,0.29040460672242857
CAN,2006,3.079037753016199,5.0870276649531645,7.0588766855552025,0.2599491581028696
CAN,2007,3.0234691115179864,5.129165262491884,7.018466880392043,0.25166551610708043
CAN,2008,3.0677630732500525,5.09833845147674,6.946907725154361,0.2567032865925818
CAN,2009,3.385975731533838,5.331506881882119,7.087185475467321,0.251549794956436
CAN,2010,3.210242201588479,5.5926509324988025,7.37925620917076,0.22370339214965865
CAN,2011,3.060208171347572,5.535179036138481,7.376063099960857,0.24501722764314554
CAN,2012,3.1371960673802164,5.429752347544857,7.249805910162756,0.21464841813770938
CAN,2013,3.128440277795292,5.288454518205448,7.132961778597315,0.193928925782421
CAN,2014,3.046463514168629,5.406301500421084,7.24767238327382,0.1988921523547514
CAN,2015,3.12123396467948,5.455316783546625,7.217116687815427,0.23490453897371744
CAN,2016,3.0341045091297927,5.545128784379248,7.27307855670412,0.2341825598877005
CAN,2017,2.9913369951953213,5.6191029931023495,7.361484716269093,0.2520797300258588
CAN,2018,2.8583962246229575,5.615481702774325,7.370774104104743,0.24703592518990225
CAN,2019,2.7894036085200713,5.5996148628352245,7.399568699118034,0.254780460597666
CAN,2020,3.1555338351244258,5.911095005978105,7.441874662377661,0.2835831152410486
CAN,2021,2.8355024666278847,5.8333715903962045,7.342500565652827,0.2961742169889201
CAN,2022,2.6815142496759656,5.665082791193217,7.446521843303703,0.3263217010624108
AUS,2000,2.9792127266115283,4.700365480291513,7.057699000026946,0.26570953837793476
AUS,2001,3.065142800947865,4.7298882542769265,7.118430492063902,0.24971900530054203
AUS,2002,2.988043401949561,4.81731646167292,7.134102557249238,0.261835234313545
AUS,2003,2.9548182667089145,4.8520317318274175,7.1751039030829915,0.2069424403968908
AUS,2004,2.8361127498183194,4.949330422748772,7.1821653618763825,0.17314568883397013
AUS,2005,2.8734421301727027,4.961248666907645,7.180853462675972,0.16744479929884235
AUS,2006,2.9108370368783394,4.989001610276639,7.100276959454338,0.18156466347726524
AUS,2007,2.9131097920435485,5.041770204722026,7.075930110243678,0.15798488683105244
AUS,2008,2.9597884081735417,5.111614820460846,7.061743015023492,0.15868456133306752
AUS,2009,3.101054281389717,5.168219592491991,7.091096938844564,0.156460066921057
AUS,2010,3.015117012834603,5.156090600455778,7.1511112895729925,0.13028056850387348
AUS,2011,2.9872560829708474,5.1987038102952345,7.174891422622878,0.1398424415989742
AUS,2012,2.9747734244857167,5.269365264424593,7.19741843799163,0.1334794044645959
AUS,2013,3.0377555919497055,5.303252574214182,7.274416753105803,0.1320516608161712
AUS,2014,3.0728403203697585,5.542170716361642,7.320246706671109,0.12813725720106617
AUS,2015,3.0430358620315783,5.618616604689749,7.343281656681363,0.12105542406933788
AUS,2016,2.9631613962443017,5.633880076946924,7.41140407527435,0.11268470808661267
AUS,2017,2.988817855106283,5.651062646859631,7.428120051473782,0.0980123101204672
AUS,2018,2.9779862849441763,5.67614635398098,7.456192815882614,0.1041933575937188
AUS,2019,2.9431005503132255,5.7243706322833345,7.55673401564853,0.10469820840076102
AUS,2020,3.092560811380343,5.784325073642342,7.666365714716773,0.10079034931398183
AUS,2021,2.8848232057504486,5.767745359640448,7.537090650726959,0.08245648841412427
AUS,2022,2.724091318911941,5.585170436037739,7.474866044042126,0.09779128004618735
NLD,2000,2.215718773247048,4.788938581331828,6.610370675018669,0.14266175196161077
NLD,2001,2.183329062289455,4.935540427651379,6.688525500771334,0.16298324579541656
NLD,2002,2.265602574807613,5.085759867850007,6.722645769505008,0.15483797290542256
NLD,2003,2.379310461363245,5.258099132119239,6.824275441721199,0.16074167056641359
NLD,2004,2.458768304059971,5.313236228803526,6.929408551973705,0.14935319857830368
NLD,2005,2.5132966681244637,5.370565143992162,6.987477483695554,0.13242749269907503
NLD,2006,2.487491979915384,5.410215453371787,6.985372563931605,0.08764089762459265
NLD,2007,2.3498065482835835,5.41728057804698,6.959232422582744,0.10183756965752669
NLD,2008,2.3007604179407357,5.561845129111863,6.985498147907858,0.108018934119807
NLD,2009,2.345324709352808,5.767896079011894,7.165965044086523,0.11109326258410487
NLD,2010,2.3177448147354194,5.854334923673491,7.21335622477988,0.10081484949879795
NLD,2011,2.3073587006648792,5.8772963229135415,7.280885078127816,0.09921904477212874
NLD,2012,2.427476699149543,5.886175855866216,7.2892764729116015,0.1005921936927136
NLD,2013,2.613797498244675,5.939020061129838,7.402400888837355,0.08136630776203507
NLD,2014,2.6539850690248907,5.92328179463384,7.380161097112665,0.07905746527880646
NLD,2015,2.5476362743509915,5.855049061134205,7.355547016192858,0.060815690954813845
NLD,2016,2.448939253694898,5.888929148410661,7.409468395733261,0.05099335862763968
NLD,2017,2.3444127175057488,5.820062263988556,7.340758121991036,0.08545206398993263
NLD,2018,2.2043595919720618,5.92215462992129,7.454681361940044,0.0554047841139215
NLD,2019,2.2619886157813514,5.88888746466386,7.415944800941456,0.07754279817062923
NLD,2020,2.106743900783461,6.080565854743504,7.466477796479823,0.07328425804754445
NLD,2021,1.940722129522074,6.295279832268659,7.417075829698921,0.07720441495261268
NLD,2022,1.896112274403241,6.093069265050308,7.496325143836015,0.09125303628833065
CHE,2000,2.559677089788402,5.538474379950261,7.05013502234483,0.11706626444936614
CHE,2001,2.5020249892595565,5.6984253855596,7.296966389612749,0.15370284781134194
CHE,2002,2.498383795304952,5.9157275133644545,7.463779913861195,0.15233686301365051
CHE,2003,2.623497227003967,6.036400563570067,7.569213092221124,0.1404292760323034
CHE,2004,2.5913493066768094,6.074610585204717,7.568537948686296,0.1285216890509563
CHE,2005,2.71458709970046,5.995703217307333,7.485162423978939,0.11661410206960918
CHE,2006,2.7541456686838632,5.884872259964265,7.386885406731008,0.10470651508826206
CHE,2007,2.7617678310928846,5.822378694868459,7.282384614910742,0.09279892810691495
CHE,2008,2.707575465359118,5.962964451739097,7.364597133046565,0.08089134112556784
CHE,2009,2.7925774947294655,6.057711068625344,7.422918052151914,0.06898375414422073
CHE,2010,2.7393243772663354,6.033895852932976,7.371110833300743,0.06983857378463033
CHE,2011,2.634521610728995,6.099534944519395,7.443576592094968,0.05655526170297692
CHE,2012,2.644045657316782,6.1671220040239865,7.462047581255483,0.0535802332567359
CHE,2013,2.750336515624115,6.2434730525017725,7.479563924739918,0.07622020304365965
CHE,2014,2.7504854582622515,6.298490968982466,7.510024477322354,0.043691038208573646
CHE,2015,2.739227549470372,6.401916722933834,7.505595574981334,0.07360507658755833
CHE,2016,2.811762765554609,6.4682694439115975,7.576214536136306,0.04955052875648833
CHE,2017,2.778915136030186,6.530678475949892,7.606519197311567,0.048752116701590055
CHE,2018,2.7786494066900893,6.519478111211804,7.590561469855019,0.05749428518510988
CHE,2019,2.8608645023368924,6.6141564505748205,7.684099282989159,0.049385469763157115
CHE,2020,2.936311076385636,6.7546068047251415,7.719722845123447,0.05060760258838579
CHE,2021,2.832537839653484,6.778704184826469,7.6316122537798945,0.04078282305462689
CHE,2022,2.78020141099287,6.704250111805496,7.67755114401573,0.04003736263130453
FIN,2000,2.849762349960825,4.813670558270438,7.032818835210645,0.4200272214900503
FIN,2001,2.828796205011687,4.943798873568486,7.143238169934414,0.44359628219125546
FIN,2002,2.8767083284631987,5.122874549263646,7.247190258560643,0.3688025790338598
FIN,2003,2.8921247879281933,5.282708895626963,7.298869292289251,0.2790764188368282
FIN,2004,2.8650283443618063,5.371829533498231,7.291403643211621,0.41549435796527134
FIN,2005,2.775592719409703,5.4075708189831,7.245123194014323,0.3257486493479281
FIN,2006,2.7200171033002682,5.437594456756838,7.206110633725082,0.32436281332777495
FIN,2007,2.4986531607536024,5.3861649511211445,7.1096779857138515,0.35300062813422545
FIN,2008,2.4775913787378636,5.513812213176126,7.191447462156366,0.3632055331813041
FIN,2009,2.811489934296487,5.764959784854455,7.470769401938356,0.32244788050374706
FIN,2010,2.6479004304846927,5.833956627872541,7.49631044423694,0.31486017492057794
FIN,2011,2.5847573094529004,5.871797725158923,7.581252034378175,0.2895490243081369
FIN,2012,2.595436011390563,6.216154285524648,7.938836052935467,0.22611144501306146
FIN,2013,2.6506096936033923,6.224270188468978,8.019334603047364,0.22490191140318588
FIN,2014,2.6536726853154757,6.197166929416532,8.075835793292674,0.22089871130453081
FIN,2015,2.7428729654541475,6.144974956347774,8.140486913495984,0.20258211230631137
FIN,2016,2.6436345272748314,6.070978300460575,8.145168107663778,0.17867043969828217
FIN,2017,2.6393194830651314,5.863609147158763,8.031204941407852,0.1578900274604032
FIN,2018,2.524754997293759,5.829540583807483,8.08413177790985,0.2183793986865697
FIN,2019,2.4873096177391325,5.938013217536125,8.230648956093537,0.19787462167935765
FIN,2020,2.6144865365005705,6.0756374341598365,8.303813290992467,0.24371000249390867
FIN,2021,2.5667628963880436,6.129018212211793,8.167221086577278,0.16826353701797633
FIN,2022,2.5226451556718263,6.013789073642869,8.14107131445552,0.16149760189279988
AUT,2000,2.3629023350920955,5.481800676362577,7.440004511972255,0.12709906821659223
AUT,2001,2.3401404688016743,5.5065187986696245,7.512443512619789,0.1026963523024236
AUT,2002,2.448067122970463,5.536209968500426,7.4444900520551895,0.09214768813116843
AUT,2003,2.462201537021658,5.497337979672089,7.3758525030599715,0.0620352442638987
AUT,2004,2.5992167911555546,5.539096072135135,7.373202139514201,0.07899279565509865
AUT,2005,2.4663353005835553,5.529318654535419,7.37502354491491,0.06851852677324113
AUT,2006,2.493862419051532,5.564093538912586,7.425402839038365,0.08150884939765296
AUT,2007,2.533778505934755,5.5964677660832125,7.451783382693608,0.050355978572270546
AUT,2008,2.4771849978388407,5.720137584615394,7.490335902132235,0.07500344218664076
AUT,2009,2.800989404762188,5.929257347122587,7.712448611624701,0.061328938162731154
AUT,2010,2.5350620274095954,5.9523049642167365,7.676091034044127,0.08016955004797939
AUT,2011,2.53856906320273,5.927885082338649,7.682989887818135,0.11019495167735192
AUT,2012,2.582066268226275,5.916385338493382,7.61935901763702,0.11709894278627561
AUT,2013,2.6793353042943564,5.951467399278808,7.674904574142179,0.07857388890360176
AUT,2014,2.6695638935903006,5.930184037157162,7.651310940960653,0.04221632223113565
AUT,2015,2.6800142901898507,5.932559392332326,7.585583183193772,0.04503533538715847
AUT,2016,2.7229122680243885,5.963996274811038,7.6019845989242185,0.06242297706524584
AUT,2017,2.551230326933032,5.96462166736458,7.565662070657798,0.09075516447200266
AUT,2018,2.581611382705624,5.936632192099407,7.557685738220136,0.11901320693535603
AUT,2019,2.4945322583761635,5.982434231439963,7.582208207037193,0.10215809080652977
AUT,2020,2.668163861565249,6.124456645708013,7.674748328873058,0.08006804641947993
AUT,2021,2.695382690496084,6.338099041776938,7.591061677679182,0.07947621375455044
AUT,2022,2.5562401766776324,6.161221991850141,7.585260203555028,0.10287341259156971
BEL,2000,2.9601001236472406,5.163128330693872,7.157984122248574,0.29377147528576536
BEL,2001,2.8016401012650523,5.207666655307,7.185309005560708,0.40121287474231854
BEL,2002,2.711308946621561,5.265459854163071,7.2167146155077075,0.45640043259416513
BEL,2003,2.6452975748997583,5.451720498925181,7.202287573832325,0.43954707474997834
BEL,2004,2.7990155022693246,5.546186885809386,7.233073082213391,0.4226937169057915
BEL,2005,2.8249119189990823,5.560858390739271,7.203688418604159,0.4058403590616047
BEL,2006,2.685025249901568,5.65365544588477,7.284309632673576,0.38898700121741786
BEL,2007,2.6869856362544047,5.793880602044389,7.3854595613909995,0.37213364337323107
BEL,2008,2.614173672783675,5.956339036017077,7.421562721095529,0.3552802855290442
BEL,2009,2.7775634884722407,6.131257509568489,7.514274635237954,0.3384269276848573
BEL,2010,2.721119655840641,6.14496786850177,7.512848074905153,0.32157356984067054
BEL,2011,2.586067293915228,6.133732627750921,7.583011101239013,0.3047202119964837
BEL,2012,2.5899885344636644,6.2384690870634785,7.650074559097857,0.28786685415229696
BEL,2013,2.7021078295948913,6.260412171388178,7.727842396263775,0.27101349630811006
BEL,2014,2.7254243255185466,6.266419398669551,7.805726340776527,0.2541601384639232
BEL,2015,2.689663242795591,6.299716325042969,7.775547423656303,0.2373067806197364
BEL,2016,2.6120361064700286,6.324635889796302,7.851510405264482,0.22045342277554958
BEL,2017,2.504267146111684,6.340812982364987,7.871704639399172,0.20360006493136273
BEL,2018,2.352864216722801,6.356724851388939,7.887082862485194,0.18674670708717592
BEL,2019,2.2810981438125397,6.343959171984739,7.922656427261213,0.1698933492429891
BEL,2020,2.310305952506015,6.532445467663714,8.01878065123068,0.15303999139880228
BEL,2021,2.2501951367694084,6.4618609483076765,7.925095610338541,0.1361866335546155
BEL,2022,2.2042379596299204,6.378457166748333,7.946097949379663,0.1361866335546155
RUS,2000,3.6627754287934664,2.1782547107808434,5.069498775915996,4.432372448873411
RUS,2001,3.5546508740334204,2.3372078839323067,5.10231596806668,4.650677222077259
RUS,2002,3.478878967604349,2.7508122100998933,5.3269373897866075,4.8019054969021315
RUS,2003,3.7315626551148493,2.6772234035272646,5.214636392453252,4.534441199811953
RUS,2004,3.7143849740676913,2.6094582068720724,5.180860118885536,4.2781407483016896
RUS,2005,3.7559890095252317,2.775710216296235,5.335085264064283,3.896063970572859
RUS,2006,3.688270618132507,2.9052432600197062,5.495132748062038,3.1575339107385596
RUS,2007,3.696586749140967,3.0514122808840014,5.527195222789881,2.7784044660678395
RUS,2008,3.7119310052490118,3.198503876838663,5.530547378839139,1.9817380145867882
RUS,2009,3.9991860479415857,3.2421068200554815,5.5674018209068565,1.9222663786023684
RUS,2010,3.654049373984371,3.158334811960595,5.556500483694006,1.8139605047317673
RUS,2011,3.5866070956647746,3.0118771827307724,5.469409810621451,1.7555106690156286
RUS,2012,3.5717359860462166,3.124200229810942,5.436113537301722,1.7604018527701517
RUS,2013,3.6353127059415336,3.1601319003442065,5.46230988053149,1.732899474812375
RUS,2014,3.2596126879177425,3.2733669339555127,5.545116935971762,1.7821504779774906
RUS,2015,3.2854896585042015,3.187236733528786,5.487597132557823,1.7916452896083015
RUS,2016,3.2634939561864824,3.152852444992501,5.521763453600375,1.7001482733692217
RUS,2017,3.078005512962979,3.5911917701266596,6.154748052999072,1.414687931345577
RUS,2018,2.9987420679945136,3.621993165877844,6.215139795147761,1.2674635804344545
RUS,2019,3.0084771526287186,3.2842074446475245,5.910879858403097,1.1835756508469049
RUS,2020,3.0186397929851547,3.8661519726572124,5.859175715741537,1.1298747560652838
RUS,2021,2.903802048548622,3.740298377407729,5.693335206527671,1.043235513479404
RUS,2022,2.820285042309738,3.7196976055974034,6.096923471202307,1.043235513479404
VEN,2000,5.172270272976074,1.993972377568877,4.52073320492901,5.182454731243454
VEN,2001,5.0719637132216295,1.993972377568877,4.382973391770928,5.0481706768947445
VEN,2002,5.793587166041198,1.993972377568877,4.619719432002481,5.996495218795824
VEN,2003,5.743843890687603,1.993972377568877,4.572767809192844,6.952993054073766
VEN,2004,5.042686218493142,1.993972377568877,4.713313958933905,5.850975654875205
VEN,2005,4.891342265303539,1.993972377568877,4.7585780430090665,5.899118499269461
VEN,2006,4.22578542216519,1.993972377568877,4.781822662532953,7.147299544690419
VEN,2007,4.098191637279166,1.9668201632428057,4.876553469681375,7.555751735886787
VEN,2008,4.043651540136937,3.023035639615231,5.546590416864903,8.26135338024552
VEN,2009,4.174166665240233,4.079251115987656,6.326947316023464,7.810255946723354
VEN,2010,4.254680503564096,4.079251115987656,6.3866818364657805,7.20703366129848
VEN,2011,4.131949707760958,4.079251115987656,6.384437956107926,7.671225756695205
VEN,2012,4.073002866987396,4.079251115987656,6.403253133588772,8.6408236421064
VEN,2013,4.2502208439726425,4.079251115987656,6.447758149226044,9.3204118210532
VEN,2014,4.261953401861749,4.079251115987656,6.460262876047033,10.0
VEN,2015,4.226523000289506,4.079251115987656,6.5219936539116725,8.133161190149776
VEN,2016,4.3202347424251455,4.079251115987656,6.449481327149371,8.991380730348418
VEN,2017,4.246890652147634,4.079251115987656,6.473161022485222,7.61919785515647
VEN,2018,4.337574217831937,4.079251115987656,6.585853989021874,7.064995816925639
VEN,2019,4.523546466584293,4.00985302891551,6.619713532664375,6.510793778694809
VEN,2020,4.762072229035615,4.589134785489358,6.591729826716379,4.666797487324486
VEN,2021,4.166167883527801,4.584954196127593,6.51227017236097,3.0399184863495856
VEN,2022,3.900987840132406,4.719456034868793,6.641526104781661,1.981668420229759
SYR,2000,3.8101662911431844,2.319359209559735,3.4397448555407935,0.30617836675401067
SYR,2001,4.027283140254362,2.343724891498172,3.5808149476426414,0.3156560974771071
SYR,2002,3.9005213456220504,2.7116875608579156,4.055524011883364,0.2999499947997002
SYR,2003,3.771156068323383,3.28491123172647,4.732565047206202,0.3250408876830488
SYR,2004,3.777999589534907,2.689586352994768,4.369846711552217,0.3344968155693282
SYR,2005,3.7986895391293167,2.606961348433345,4.457868508914463,0.3284868706745433
SYR,2006,3.8636284983393034,2.5230059125254436,4.507955861093254,0.32620507238877383
SYR,2007,3.923483425898948,2.3295049147695788,4.375809039673956,0.37103360574271593
SYR,2008,4.183541961369254,2.150375583448928,4.32888891632977,0.3539224179146486
SYR,2009,3.825102401475907,2.4288659690868637,4.641643404502306,0.30940119272761674
SYR,2010,3.797763225028208,2.394513485344569,4.70743704989608,0.2924057576403765
SYR,2011,3.7261142898300186,2.2601114098429855,4.638808469025437,0.2924057576403765
SYR,2012,4.668967646278243,2.2770145342342767,4.045272955036594,0.2924057576403765
SYR,2013,4.581395426468527,2.326807281128004,3.9867154535196137,0.2924057576403765
SYR,2014,4.180699351020458,2.409440811603835,4.072981730099159,0.2924057576403765
SYR,2015,3.9433738270830077,2.2980191890320514,3.881411833087158,0.2924057576403765
SYR,2016,3.883697103200515,2.3306366423787024,4.146516485019565,0.2924057576403765
SYR,2017,3.679714526245144,2.333409447123872,4.237185821385469,0.2924057576403765
SYR,2018,3.556479117775031,2.33769472811672,4.464795269565857,0.2924057576403765
SYR,2019,3.4760457639962024,2.338995118522954,4.9109659775776855,0.2924057576403765
SYR,2020,3.5939854316953266,2.271764139489347,5.058446958053428,0.2924057576403765
SYR,2021,3.4022776698086483,2.2370098650690635,5.149517119582266,0.2924057576403765
SYR,2022,3.1552880477175025,2.207787808105628,5.242664073843302,0.2924057576403765
EGY,2000,3.0854616806383817,2.6449749547146624,3.799993651984373,0.06034646463285441
EGY,2001,3.1647456866030717,2.7457112768056082,3.876041663988762,0.06034646463285441
EGY,2002,3.266596348988987,2.7687950018358163,3.950125817833422,0.06034646463285441
EGY,2003,3.3512767842661377,2.715535687443579,4.032561113034674,0.06034646463285441
EGY,2004,3.2703442067521227,2.5305474456379753,4.001304600716739,0.028461445580254312
EGY,2005,3.32600406490058,2.6066223983070045,4.099998816112781,0.06651487363874731
EGY,2006,3.2051276846106105,2.2661652183929637,3.8026666184323843,0.06973793088002693
EGY,2007,2.99718071789606,2.0708153951395913,3.6655092023431415,0.09255901697573744
EGY,2008,2.94756120343696,2.1312568488370935,3.712125625749813,0.14350829753480784
EGY,2009,3.010049290443236,2.1264783232564555,3.7075994487656025,0.13011786520246635
EGY,2010,2.922434974204105,2.0965590491998243,3.687841452743305,0.29278281649040755
EGY,2011,3.2317524964801905,2.1355801894163395,3.6893943031147156,0.43726817758314906
EGY,2012,3.216089548435343,2.1557401157969536,3.6244564611000007,0.3418091821402258
EGY,2013,3.392272933828547,2.197456822027946,3.5515442348679844,0.3892144993451871
EGY,2014,3.486984780617095,2.22105834414786,3.5818907727522102,0.4366198165501483
EGY,2015,3.5659674711966303,2.289520460295402,3.5961233059626116,0.2379221869545531
EGY,2016,3.484605212329509,2.303562707485372,3.780947213656186,0.20430293242947822
EGY,2017,3.3972911295079005,2.3690040281119864,3.85105921790697,0.17307981424404106
EGY,2018,3.1849996980781894,2.2672469783658857,4.173702645971119,0.17307981424404106
EGY,2019,2.977998689170816,2.257751365708021,4.35167410962632,0.17307981424404106
EGY,2020,2.8590019942669125,2.179320638679443,4.217159314040211,0.17307981424404106
EGY,2021,2.637561598609395,2.2807063108042587,4.2299385089000205,0.17307981424404106
EGY,2022,2.4816064153596713,2.3331404770300814,4.4511745592818,0.17307981424404106
TUN,2000,4.623252879415426,3.1357524867873257,6.417753119648349,0.2698670105180271
TUN,2001,4.518811313520237,3.154757443848588,6.492075543907341,0.2698670105180271
TUN,2002,4.5177853183929955,3.0290171378444017,6.374915996579472,0.2698670105180271
TUN,2003,4.3933422937148965,3.5050279490737073,6.83041787539148,0.2698670105180271
TUN,2004,4.274270812925885,3.4808130613553163,6.818266926578512,0.2698670105180271
TUN,2005,4.112263452882911,3.363444220042622,6.719466488275633,0.3683297775436979
TUN,2006,4.057304851189421,3.372249101319321,6.734084917492312,0.3478108607921745
TUN,2007,4.031790471589206,3.4161478743285176,6.75659728905426,0.3809800899871399
TUN,2008,4.100276571292499,3.344526460671607,6.6713247922608865,0.3875803478622955
TUN,2009,4.230697051469843,3.513341191536567,6.7672800611100605,0.3458293880759747
TUN,2010,4.222081406311968,3.3175180025687765,6.462976652845147,0.38768145147208805
TUN,2011,4.780104332253682,3.402826067379926,6.348416959556448,0.4163234770481608
TUN,2012,4.4826250556769285,3.4474917655487194,6.27053276867617,0.4449655026242336
TUN,2013,4.218218625641407,3.5370389598255834,6.284227057227472,0.48583128556490823
TUN,2014,3.9120560760988177,3.572174219633385,6.329083882233729,0.5266970685055827
TUN,2015,3.936357945942687,3.5629988828698402,6.38808483674817,0.5675628514462573
TUN,2016,3.991519871016867,3.564853071215144,6.428785617279817,0.6084286343869318
TUN,2017,3.960322551099134,3.5530864780778195,6.513133295836632,0.6492944173276062
TUN,2018,3.9815839182448247,3.5062746466804153,6.602009002764096,0.690160200268281
TUN,2019,4.199657519528198,3.521690992947797,6.655286714187651,0.7310259832089554
TUN,2020,4.452343721232541,4.152498675302056,7.16517208760763,0.7126916981401159
TUN,2021,4.10995080947507,3.9743787668186497,6.88439723068159,0.7126916981401159
TUN,2022,3.998083903699938,4.07298411451592,7.234432900232934,0.7126916981401159
BRA,2000,5.897633214575887,3.0478068495685235,4.887269052608219,4.124221265500631
BRA,2001,5.922480353309451,3.0460225654072435,4.971246401813047,4.303843551491359
BRA,2002,5.862225340525374,3.0440473825432135,5.057665798398248,4.407170157172679
BRA,2003,5.903954752202132,2.9907994728788196,5.235330240131525,4.47464526280026
BRA,2004,5.59493882124594,3.051285667345375,5.36924503189255,4.1907545670780575
BRA,2005,5.672351162735116,3.2639478037153213,5.670714927252706,4.075484012672824
BRA,2006,5.496086996136535,3.4931122544702107,5.937576833306309,4.166577027549053
BRA,2007,5.345044703707169,3.5582091916886935,6.072294453151077,4.002896727685962
BRA,2008,5.162721704298444,3.673341386358304,6.281000422964591,4.165878798245074
BRA,2009,5.35056357823207,3.8279067174309986,6.4192814157008575,4.2385594530676745
BRA,2010,5.066457280170163,3.8608475299045697,6.547814043164505,4.2709685891861024
BRA,2011,4.997233196497408,3.8893114995379907,6.624510483602701,4.231483196213586
BRA,2012,5.045979189998796,3.937732420445084,6.718019812824143,4.533724723025301
BRA,2013,4.939171110324672,3.99425244006699,6.745841121449215,4.53357290966465
BRA,2014,4.8901725506343405,4.123571687016665,6.802476874201112,4.727175617505797
BRA,2015,5.1374807025667035,4.321740749563349,6.958115976865609,4.567062374771114
BRA,2016,5.6117427215899065,4.377441346993712,7.037700586577913,4.769548827633462
BRA,2017,5.653488358592348,4.444623065146378,7.060174643532281,4.935776591554873
BRA,2018,5.6520027297743,4.350048563073276,6.982715193685018,4.297462379230571
BRA,2019,5.579390187416601,4.329599924662938,6.987145738889793,3.3535191207004615
BRA,2020,5.3944027909107,4.221905983334343,6.814848245857395,3.444202717482963
BRA,2021,5.588643242467064,4.133855192561032,6.551325516051609,3.2354957916423652
BRA,2022,5.09018933392649,4.15516675303841,6.812933957294998,3.167893863647482
ARG,2000,5.716793004982037,3.612360569603776,5.283084895004529,1.2907378653669341
ARG,2001,6.257644472528655,3.686153871489953,5.480320645411875,1.2907378653669341
ARG,2002,6.668706536824127,3.0499853178757124,5.181956164432241,1.4616494966894666
ARG,2003,5.585536225075383,2.8140719020504417,5.014809348485682,1.195859702425533
ARG,2004,5.137334654249006,2.886767898233309,5.076385552820135,0.9248730798326554
ARG,2005,4.851479503714239,3.2399279395613454,5.281567446353593,0.8580892126297495
ARG,2006,4.57296370342651,3.412535814245036,5.429441917334152,0.8139065652402724
ARG,2007,4.369184284380828,3.6628667375741544,5.550907702004726,0.8166871884209095
ARG,2008,4.2608550825429905,3.9348495964614316,5.723814719724988,0.8996637709265732
ARG,2009,4.409015604878362,4.425787032347976,6.070228651728033,0.9956357767182367
ARG,2010,4.015405883968584,4.274888859344364,5.848537010927143,0.8850917830604932
ARG,2011,3.932216991041423,4.449320132007986,6.029947596777196,0.9238927757099135
ARG,2012,3.93283142763854,4.525496377444903,6.1116454688547845,0.9659230583271093
ARG,2013,3.829976003532585,4.587227542120992,6.1225341645448355,1.1148943437351713
ARG,2014,4.003432341694921,4.491073365072764,6.086017144506845,1.1609323601620343
ARG,2015,3.969819944347317,4.783859487087471,6.3384336898208105,1.0049678916122564
ARG,2016,4.133306942027648,4.606955996191073,6.295014937898482,0.9178771280839959
ARG,2017,3.9866949309921207,4.629029175031788,6.377083705730951,0.7985456361587108
ARG,2018,4.2062396073393575,4.324757729659534,6.254053135444454,0.815644026502863
ARG,2019,4.417176855112369,4.240042067563048,6.403860988857019,0.7826466734895171
ARG,2020,4.67208149552682,4.465528109394911,6.8022738089212424,0.8178777273241155
ARG,2021,3.9804242416508755,4.354543347829832,6.338395497289503,0.7011690945665133
ARG,2022,3.680627275202512,4.302524549118413,6.704995266846036,0.6518280879887328
ZAF,2000,7.140276693229396,3.157515875259717,3.915408275111268,7.325235381381959
ZAF,2001,7.290529525628232,3.004320772302575,3.7064143513613996,7.143826618418979
ZAF,2002,7.4063224688477085,2.887702984752307,3.5448530354572902,7.125326927584508
ZAF,2003,7.5712037893068445,2.8849600442111196,3.2812438762873106,6.485507332586533
ZAF,2004,7.670714228462425,2.948322346140806,3.23957821955493,6.084358184909535
ZAF,2005,7.787498929508862,2.9595242952733383,3.163982513452016,5.937257570940155
ZAF,2006,7.6825834580106775,2.9853532893023575,3.1616676168689963,6.060989443861397
ZAF,2007,7.601737994089301,2.9781248679869363,3.209262278035869,5.774061997110678
ZAF,2008,7.576827377204667,3.0060340657171642,3.1545534534517548,5.60880850003057
ZAF,2009,7.705295226905739,3.2594132023423543,3.658351651076225,5.135585759882623
ZAF,2010,7.674491891128412,3.4599847664780827,4.037399886319222,4.80835437987237
ZAF,2011,7.636816169633889,3.567147336650477,4.299964502732983,4.646764392043244
ZAF,2012,7.632729864979492,3.685626147772197,4.51385157483207,4.77371225234563
ZAF,2013,7.584580202725475,3.635051310649521,4.5290974609502115,4.931237763076726
ZAF,2014,7.607994525823144,3.647549507606247,4.680041121110296,5.073821227883536
ZAF,2015,7.577429147214727,3.6770345681205696,4.83741217301955,5.216298725367594
ZAF,2016,7.655528303320273,3.6640709681955923,4.995662046301185,5.262707956422727
ZAF,2017,7.629774350557015,3.7132876593314528,5.113550177258025,5.593601395434917
ZAF,2018,7.560154917880293,3.75316184412434,5.179445572799646,5.686422717390044
ZAF,2019,7.686902153181603,3.894509991533134,5.339092066217254,5.673931439887089
ZAF,2020,7.814109391652242,4.120173187235633,5.358363974708034,5.225593157678505
ZAF,2021,8.079111773392489,4.231806545380686,5.1926951999628,6.496524529266673
ZAF,2022,7.977920581627915,4.078062593379094,5.415458596313556,6.93965559229518
TUR,2000,3.717686058748021,2.451127016161902,5.0175991784801965,0.6311470276301802
TUR,2001,4.14202903116267,2.4714721097870602,5.150831888960849,0.6311470276301802
TUR,2002,4.149877437618731,2.5334929461352043,5.31279395127574,0.6311470276301802
TUR,2003,4.258065518371749,2.5492007367911342,5.412402707037603,0.6311470276301802
TUR,2004,4.129935291737793,2.578606664268903,5.451948321265135,0.6416557430358147
TUR,2005,4.2473593200830155,2.625435208076689,5.483165010773283,0.7244360487081165
TUR,2006,3.9463039840035923,2.7163806275286633,5.519195767856108,0.6854560856222809
TUR,2007,3.8545148503341933,2.7702376592599705,5.5879803280338045,0.775461652132581
TUR,2008,4.081228617846238,2.7636047027290243,5.62541304749368,0.6900022321513197
TUR,2009,4.520769838034038,2.772453102443089,5.708593525734568,0.6601763766949305
TUR,2010,4.033421862750994,2.7263723718719497,5.759856101855479,0.6303505212385414
TUR,2011,3.876929622301619,2.723465840013452,5.774914816261995,0.621906071995969
TUR,2012,3.9371690452229626,2.782300543826752,5.865281014314573,0.646200612725127
TUR,2013,3.928087860317376,2.8098356675236817,5.914212635607953,0.56729997715827
TUR,2014,4.1150853266503775,2.8593006034889243,5.893113019674003,0.4883993415914128
TUR,2015,4.303000816627499,2.8127393603860624,5.88653772386282,0.40949870602455574
TUR,2016,4.314874972814741,3.005184310332576,6.083034010227806,0.49220598145876143
TUR,2017,4.392681070480368,2.9169579507268986,6.029651170765779,0.45179860823525375
TUR,2018,4.367293795024451,2.9159541870007906,6.144612522057387,0.3722724749375662
TUR,2019,4.8469583406491035,3.027433095996954,6.352093483003764,0.34608273664245237
TUR,2020,4.688441374612143,2.908233279218995,6.162331567781055,0.3611714921007019
TUR,2021,4.517932724516317,2.8005872579167637,5.9207046017361025,0.3623114309458165
TUR,2022,4.4759270385018555,2.4909771051304954,6.013290419854308,0.38205081069203417
MEX,2000,4.499304772433377,2.413798219789229,4.677218123592787,1.700847310873236
MEX,2001,4.455998086774644,2.563028596578516,4.855406544520827,1.603228693541944
MEX,2002,4.35680919347317,2.691907289706791,5.006829767768353,1.5488742066138377
MEX,2003,4.366287920817383,3.0878400663621868,5.339184139579722,1.5267102216816388
MEX,2004,4.3623938702909335,2.9936986435514257,5.257211029271335,1.3896640629214831
MEX,2005,4.404163906748415,3.0317691890325644,5.372830085624751,1.459833853474681
MEX,2006,4.241514592338722,2.9618852524580013,5.364238962399363,1.518712377255629
MEX,2007,4.350419072690613,2.9810384293003267,5.399075695699672,1.2644780404867078
MEX,2008,4.4515879682007995,3.019736619288796,5.4735053015582125,1.9885141349988744
MEX,2009,4.590359189439917,3.1881182737321283,5.642444527715082,2.7849779125259926
MEX,2010,4.23665967425231,3.1366080613621157,5.671181127243737,3.5807410443996135
MEX,2011,4.34111183420511,3.0997011244395627,5.702296183750982,3.731494731896314
MEX,2012,4.399319125823233,3.131602947619251,5.739189389612252,3.510521627636169
MEX,2013,4.41474154568799,2.9966589569298425,5.619442261655155,3.0732766197135475
MEX,2014,4.339072051486237,3.2045185573556036,5.933354431898365,2.6292093662400844
MEX,2015,4.18021613185115,3.244724852195002,6.003806695460152,2.6999561973418293
MEX,2016,4.047385341704739,3.095625643746804,5.9224646551619715,3.169132692803633
MEX,2017,3.9537102726998983,2.9322220653519224,5.799236009409081,4.1116305897638
MEX,2018,3.8926553941688002,2.813928009760477,5.702809376751563,4.662497142122551
MEX,2019,3.8884879061953628,2.8935391968774855,5.8159579745147125,4.615019417282554
MEX,2020,4.06404846284981,3.047030521369375,5.480575809409452,4.591107959041426
MEX,2021,3.7081431405667207,2.938460991571018,5.311438888487472,4.4262063892220125
MEX,2022,3.613782270605973,2.850678242254585,5.723815442534982,4.093371115860289
IDN,2000,2.633055407753912,0.8042440325893404,3.624134442372872,0.12656563277940133
IDN,2001,2.742504681736223,0.8624446077806,3.693273543052655,0.11095617665239893
IDN,2002,2.6871431231607983,0.9226342876842354,3.8445376005695038,0.09534672052539653
IDN,2003,2.6000792985247188,1.232619911331451,4.138653721731573,0.07973726439839415
IDN,2004,2.77242316388478,1.0125825202070302,3.7545168776546185,0.06315252347269422
IDN,2005,2.7829902315968207,1.160174246585193,3.989586618352254,0.06032660620164269
IDN,2006,2.899207032569859,1.2259951954156552,4.036161490920164,0.05750068893059116
IDN,2007,3.105262976968612,1.3180031172676314,4.081277933824793,0.05467477165953963
IDN,2008,2.9588603069012316,1.2149091384492308,4.074613943687212,0.05184885438848809
IDN,2009,2.9392720331049063,1.5104017364304594,4.362661430703827,0.049022937117436584
IDN,2010,2.973713659555976,1.2504367017708826,4.043804910629518,0.04619701984638505
IDN,2011,3.2447506441184575,1.4698922612475904,4.1824946663665425,0.04337110257533351
IDN,2012,3.0945133439325034,1.5658510810436894,4.3034090126594196,0.040545185304281986
IDN,2013,3.262222747656215,1.5515176558620911,4.3783347399197625,0.03771926803323045
IDN,2014,3.229464552742553,1.5542148980176786,4.420962441595381,0.03489335076217892
IDN,2015,3.223560403756231,1.6891501724522449,4.621574561389683,0.032067433491127395
IDN,2016,3.070336190177188,0.6954687392651154,3.650934969052359,0.02924151622007587
IDN,2017,2.9633306221748956,0.6210861321957085,3.6655454760242114,0.026415598949024333
IDN,2018,3.0171096172944343,0.6068204466138564,3.688303801510609,0.02358968167797281
IDN,2019,2.844346402991083,0.6147859985742424,3.7187206514542233,0.020763764406921282
IDN,2020,3.0306772575807304,0.7315731030863416,3.590645873526956,0.01793784713586975
IDN,2021,2.898990566788811,0.8097506126708804,3.4725416792737533,0.015111929864818217
IDN,2022,2.831433577942403,0.556115048712285,3.79454424188734,0.012286012593766696
IND,2000,2.5735559286400935,1.9515201902603243,3.1893099810266854,0.6902738551358405
IND,2001,2.558695030996743,1.8984512922362493,3.1785801482767546,0.6509510097755511
IND,2002,2.583066949562833,1.7933585678164798,3.2162830474835586,0.6286738596868746
IND,2003,2.505675941286576,1.650760680076333,3.2572309642623343,0.5971690846080298
IND,2004,2.500163692731727,1.53519187330578,3.264385467962876,0.616795215532629
IND,2005,2.4955795020416978,1.4383742159523576,3.332007492352968,0.5869523524662869
IND,2006,2.494074430947187,1.390634577129494,3.4515018300022007,0.5754586667315273
IND,2007,2.5028956952238084,1.4020804993186948,3.611057339059432,0.5716900105410417
IND,2008,2.5909204591476245,1.4258374032881005,3.743766819132284,0.5714208975069555
IND,2009,2.5102563612996533,1.447620590296202,3.850099596681742,0.5604196721075648
IND,2010,2.547297608287354,1.461140330916309,4.0204763300842075,0.5599650676322858
IND,2011,2.6496694757869808,1.6318517086674789,4.318975812195433,0.5665062942776339
IND,2012,2.619943331566512,1.687379663781574,4.46199433146795,0.5562601747441445
IND,2013,2.5773992531028647,1.7718164925733133,4.5700380018876565,0.5287161614883166
IND,2014,2.526585633326678,1.7824756017961996,4.747997218714274,0.5396064968620774
IND,2015,2.4829337519460957,1.8867457673078318,4.888482738584162,0.49693956193555316
IND,2016,2.4472494986042364,1.9461210065611922,4.995708653961486,0.4662507316238661
IND,2017,2.444834778231783,1.8693368219192275,5.149233122904754,0.4547175887487569
IND,2018,2.4233360375872404,1.8938192757590537,5.221381964427557,0.4472595354851784
IND,2019,2.3131373776843396,1.7186231877769043,5.1199494723945485,0.4345040872842444
IND,2020,2.600397902875108,1.9479723626006082,5.301484803200578,0.4321627159643768
IND,2021,2.1342680632044555,2.119474518517153,5.168096455400039,0.4301195917512458
IND,2022,1.9701274241167464,1.9197817411790181,5.4384719484170505,0.4130170702915722
POL,2000,3.8253813632305387,3.04640651771253,6.668511198239642,0.3203976155155474
POL,2001,4.270609841669421,3.2736706553083486,6.921826098925787,0.2875411427671936
POL,2002,4.579571808966106,3.402575052751399,7.048348578040797,0.2626512242187465
POL,2003,4.593813872132843,3.3780639206458587,7.061917607171236,0.23566185571848267
POL,2004,4.74891378257802,3.409146018515147,7.089539700039481,0.20867248721821882
POL,2005,4.433070967773386,3.4594983259212184,7.130006961289276,0.18168311871795495
POL,2006,3.856836462084765,3.412547690932065,7.0194454939480595,0.15469375021769116
POL,2007,3.313426693175703,3.346187067963861,6.847715650300404,0.12770438171742732
POL,2008,3.0359090208005313,3.554874981866625,6.8697991649254035,0.10071501321716347
POL,2009,3.175124340876567,3.6029287938689483,6.855823837831079,0.1263040041863256
POL,2010,3.29823433457428,3.655679048395765,6.951010054151095,0.124649996529195
POL,2011,3.2672348289578466,3.561697513927006,6.971483092146482,0.14004161171316445
POL,2012,3.3631697008320445,3.576464370021268,6.978836519052845,0.13443775843078176
POL,2013,3.4152432542167794,3.700345919985388,7.118370777208401,0.09101484371056195
POL,2014,3.1832958942395333,3.706993517943534,7.127820270756321,0.08348983454825128
POL,2015,2.913083454442998,3.688081965822756,7.045848599042227,0.08807266669080445
POL,2016,2.7337106798296746,3.6919805668066115,6.9489469419245395,0.07223672831748201
POL,2017,2.411629607660065,3.716871229741205,6.810378711500438,0.08352160061100802
POL,2018,2.3272662327427236,3.7484832959121728,6.821731484004768,0.07772374425141457
POL,2019,2.1580985800783865,3.8691137924990926,6.904172325469456,0.06942092461447365
POL,2020,2.2136781216067623,3.9395381252064667,6.86636741824109,0.07500678033846482
POL,2021,2.060497001473593,3.9702682302477883,6.734661886094259,0.07832491659844115
POL,2022,2.0981298133327355,3.9464906189773927,6.838686757029929,0.07604745873507344
